{"_timestamp":1.7348774139675305e+09,"_wandb":{"runtime":1201},"_step":499,"epoch":499,"seen_wire_length":4,"_runtime":1201.595690651,"seen_avg_score":-279.2,"unseen_wire_length":2,"unseen_avg_score":-296.8}