{"epoch":499,"_runtime":10880.689007443,"unseen_wire_length":8,"seen_wire_length":10,"_step":499,"_wandb":{"runtime":10880},"seen_avg_score":19.4,"_timestamp":1.7348872708976047e+09,"unseen_avg_score":-287.00000000000006}