{"_timestamp":1.7344232529212806e+09,"_runtime":142.70839576,"_wandb":{"runtime":142},"_step":23,"epoch":23,"seen_avg_score":-223.74,"unseen_avg_score":-222.77999999999997}