{"unseen_avg_score":-235.24,"_timestamp":1.7344304705934396e+09,"_runtime":2384.649702764,"_step":1499,"_wandb":{"runtime":2384},"epoch":1499,"seen_avg_score":-271.22}