{"_wandb":{"runtime":1134},"_step":58,"epoch":58,"seen_avg_score":-84.19999999999999,"unseen_avg_score":-278.2,"_timestamp":1.7347547013832219e+09,"_runtime":1117.5800045}