{"_wandb":{"runtime":11136},"_step":5999,"epoch":5999,"seen_avg_score":-265.53999999999996,"unseen_avg_score":-208.44,"_timestamp":1.7344419613033447e+09,"_runtime":11136.42774344}