{"epoch":499,"seen_wire_length":10,"unseen_wire_length":18,"_timestamp":1.7348952535236652e+09,"_wandb":{"runtime":20311},"seen_avg_score":19.4,"_runtime":20311.103684415,"_step":499,"unseen_avg_score":-256.7}