{"_step":1499,"epoch":1499,"_wandb":{"runtime":31496},"_timestamp":1.7349791648900878e+09,"unseen_avg_score":-271.20000000000005,"seen_wire_length":9.666666666666666,"_runtime":31496.620593797,"seen_avg_score":-28.466666666666665,"unseen_wire_length":8}