{"seen_avg_score":19.4,"_step":1999,"_runtime":11337.191003465,"unseen_avg_score":-254.59999999999997,"unseen_wire_length":9,"epoch":1999,"seen_wire_length":10,"_timestamp":1.7348949190767562e+09,"_wandb":{"runtime":11337}}