{"seen_avg_score":17.233333333333334,"epoch":195,"seen_wire_length":9.333333333333334,"_wandb":{"runtime":11116},"_timestamp":1.7349419965555124e+09,"_runtime":11108.087131543,"unseen_avg_score":-300,"unseen_wire_length":0,"_step":195}