{"epoch":4,"seen_avg_score":-266.96000000000004,"unseen_avg_score":-231.85999999999999,"_wandb":{"runtime":38},"_timestamp":1.7344230655310361e+09,"_runtime":36.843374087,"_step":4}