{"unseen_avg_score":-260.3,"seen_wire_length":34.666666666666664,"_step":0,"seen_avg_score":-254.36666666666667,"_wandb":{"runtime":63},"unseen_wire_length":45,"_timestamp":1.7349443684693186e+09,"_runtime":43.328262319,"epoch":0}