{"_timestamp":1.7347547019407125e+09,"_runtime":1024.773835189,"_step":49,"_wandb":{"runtime":1040},"epoch":49,"seen_avg_score":-189.69999999999996,"unseen_avg_score":-245.4}