{"_wandb":{"runtime":2326},"seen_avg_score":-262.66,"unseen_avg_score":-210.17999999999998,"_timestamp":1.734426667627387e+09,"_runtime":2326.771560921,"_step":1499,"epoch":1499}