{"_runtime":7447.203658011,"_wandb":{"runtime":7447},"epoch":499,"_step":499,"unseen_avg_score":-286.4,"_timestamp":1.7350511352595103e+09,"seen_wire_length":11,"seen_avg_score":-256.2,"unseen_wire_length":9}