{"_runtime":4335.231844267,"seen_wire_length":9,"epoch":212,"_timestamp":1.735011723571849e+09,"unseen_avg_score":-294,"seen_avg_score":-256.40000000000003,"unseen_wire_length":3,"_step":212,"_wandb":{"runtime":4346}}