{"seen_avg_score":-88.59999999999998,"unseen_avg_score":-281.9,"_timestamp":1.7347547167475483e+09,"_runtime":1271.772970751,"_wandb":{"runtime":1274},"_step":84,"epoch":84}