{"_step":499,"seen_avg_score":22.066666666666666,"unseen_avg_score":-267.4,"_wandb":{"runtime":3030},"seen_wire_length":7.166666666666667,"_timestamp":1.7350107563186824e+09,"unseen_wire_length":7,"_runtime":3030.213340797,"epoch":499}