{"epoch":499,"unseen_wire_length":7,"_runtime":20461.138065899,"_wandb":{"runtime":20461},"unseen_avg_score":-277,"seen_wire_length":7.666666666666667,"seen_avg_score":21.26666666666667,"_timestamp":1.7348955167063205e+09,"_step":499}