{"_runtime":7.3058926,"seen_avg_score":-259.8,"_wandb":{"runtime":10},"epoch":0,"seen_wire_length":0,"unseen_avg_score":-258.20000000000005,"_timestamp":1.734768117851876e+09,"_step":0,"unseen_wire_length":0}