{"epoch":499,"_wandb":{"runtime":12947},"_step":499,"_timestamp":1.7349573855905862e+09,"unseen_wire_length":0,"seen_wire_length":7,"seen_avg_score":20.033333333333335,"unseen_avg_score":-300,"_runtime":12947.238688143}