{"unseen_avg_score":2.8000000000000007,"seen_avg_score":-181.2,"unseen_wire_length":7,"_step":99,"_wandb":{"runtime":409},"seen_wire_length":14,"_runtime":405.99889855,"epoch":99,"_timestamp":1.7349299329286551e+09}