{"_step":499,"_wandb":{"runtime":9380},"seen_wire_length":12,"_runtime":9380.472846045,"unseen_avg_score":-294.2,"seen_avg_score":-248.6,"unseen_wire_length":3,"epoch":499,"_timestamp":1.7349719191148663e+09}