{"unseen_avg_score":-259.6,"seen_wire_length":31.833333333333332,"_timestamp":1.7349442506804981e+09,"epoch":4,"unseen_wire_length":29,"_runtime":252.315043337,"seen_avg_score":-249.54999999999995,"_wandb":{"runtime":285},"_step":4}