{"unseen_avg_score":-283.4,"_runtime":8100.163672845,"_step":499,"seen_wire_length":19.833333333333332,"seen_avg_score":5.066666666666667,"_timestamp":1.7350516511421156e+09,"epoch":499,"_wandb":{"runtime":8100},"unseen_wire_length":35}