{"unseen_avg_score":-255.1,"_timestamp":1.7347533690154152e+09,"_runtime":7.753157138,"_step":8,"epoch":8,"seen_avg_score":-241.29999999999998,"_wandb":{"runtime":7}}