{"epoch":0,"unseen_avg_score":-275.1000000000001,"_wandb":{"runtime":83},"seen_avg_score":-254.04999999999998,"unseen_wire_length":43,"_timestamp":1.7349442515794182e+09,"_runtime":53.283087517,"_step":0,"seen_wire_length":30.166666666666668}