{"_timestamp":1.7347534178164918e+09,"_runtime":7.163112614,"_step":0,"_wandb":{"runtime":11},"epoch":0,"seen_avg_score":-266.36666666666673,"unseen_avg_score":-279.80000000000007}