{"seen_avg_score":-181.13333333333333,"_timestamp":1.7349295194114695e+09,"unseen_avg_score":-250.6,"seen_wire_length":15,"unseen_wire_length":13,"_step":572,"_wandb":{"runtime":2738},"epoch":572,"_runtime":2735.877723005}