{"_step":43,"epoch":43,"seen_avg_score":-146.63333333333333,"unseen_avg_score":-274.4,"_timestamp":1.7347547052233455e+09,"_wandb":{"runtime":925},"_runtime":915.886227722}