{"unseen_wire_length":13,"epoch":1499,"_wandb":{"runtime":34156},"_runtime":34156.009719383,"seen_wire_length":14.5,"_step":1499,"seen_avg_score":-52.649999999999984,"_timestamp":1.7349786996390781e+09,"unseen_avg_score":-127.69999999999999}