{"_runtime":30.647665244,"_step":0,"epoch":0,"_wandb":{"runtime":30},"seen_avg_score":-268.76000000000005,"unseen_avg_score":-248.44,"_timestamp":1.7342564998100204e+09}