{"_step":1499,"epoch":1499,"seen_avg_score":-226.18,"unseen_avg_score":-230.94,"_timestamp":1.7344391462704027e+09,"_runtime":14771.551061849,"_wandb":{"runtime":14771}}