{"_timestamp":1.73494343084291e+09,"_step":296,"epoch":296,"seen_avg_score":19.4,"_wandb":{"runtime":13392},"_runtime":13350.644219362,"seen_wire_length":10,"unseen_wire_length":3,"unseen_avg_score":-282.8}