{"_wandb":{"runtime":7256},"_step":499,"seen_avg_score":-256.59999999999997,"unseen_wire_length":4,"seen_wire_length":11,"epoch":499,"unseen_avg_score":-292.8,"_timestamp":1.735051900632111e+09,"_runtime":7256.243327589}