{"epoch":499,"unseen_wire_length":9,"seen_wire_length":15,"_runtime":962.012428397,"_step":499,"seen_avg_score":-75.53333333333333,"_timestamp":1.7348771267809632e+09,"_wandb":{"runtime":962},"unseen_avg_score":-262}