{"_timestamp":1.7348978830386918e+09,"unseen_wire_length":4,"_wandb":{"runtime":21756},"unseen_avg_score":-294.4,"seen_wire_length":10,"_step":499,"epoch":499,"seen_avg_score":3.4,"_runtime":21756.345629543}