{"_timestamp":1.7347592505259895e+09,"_runtime":7.294091757,"_step":0,"_wandb":{"runtime":11},"epoch":0,"seen_avg_score":-246.86666666666667,"unseen_avg_score":-256.80000000000007}