{"_step":7,"unseen_wire_length":28,"unseen_avg_score":-241.7,"_timestamp":1.7349425201894352e+09,"_wandb":{"runtime":399},"_runtime":375.861273888,"epoch":7,"seen_wire_length":35.833333333333336,"seen_avg_score":-251.2833333333334}