{"seen_wire_length":31.666666666666668,"unseen_avg_score":-271.8999999999999,"epoch":1,"seen_avg_score":-252.96666666666673,"_step":1,"unseen_wire_length":54,"_timestamp":1.7348835443848813e+09,"_runtime":16.414849153,"_wandb":{"runtime":18}}