{"seen_wire_length":10.5,"_timestamp":1.735052278674789e+09,"_wandb":{"runtime":8871},"_step":499,"unseen_avg_score":-272.6,"seen_avg_score":21.7,"unseen_wire_length":11,"epoch":499,"_runtime":8653.891356772}