{"_timestamp":1.7349781206583016e+09,"_wandb":{"runtime":33498},"unseen_wire_length":10,"seen_wire_length":11.166666666666666,"epoch":1499,"seen_avg_score":-24.150000000000002,"unseen_avg_score":4.599999999999998,"_runtime":33498.846846981,"_step":1499}