{"seen_wire_length":25.333333333333332,"_runtime":336.049254815,"epoch":6,"_step":6,"unseen_wire_length":25,"_timestamp":1.7349442189608178e+09,"unseen_avg_score":-254.70000000000002,"seen_avg_score":-254.94999999999996,"_wandb":{"runtime":356}}