{"_wandb":{"runtime":136},"_runtime":104.328433561,"epoch":1,"unseen_avg_score":-181,"unseen_wire_length":17,"_step":1,"seen_avg_score":-233.76666666666668,"seen_wire_length":32.5,"_timestamp":1.7349442475713854e+09}