{"unseen_avg_score":-6.799999999999999,"unseen_wire_length":8,"_timestamp":1.734978867056195e+09,"seen_avg_score":20.8,"seen_wire_length":7.5,"_wandb":{"runtime":31273},"_runtime":31273.522073157,"epoch":1499,"_step":1499}