{"unseen_avg_score":-264.9,"unseen_wire_length":30,"epoch":16,"_step":16,"_runtime":792.982371026,"seen_avg_score":-252.96666666666667,"_wandb":{"runtime":838},"_timestamp":1.7349434130103135e+09,"seen_wire_length":26}