{"seen_avg_score":-254.4,"epoch":499,"unseen_wire_length":7,"_runtime":20354.060693951,"_wandb":{"runtime":20354},"_timestamp":1.7348953618856823e+09,"seen_wire_length":10,"_step":499,"unseen_avg_score":-263.6}