{"epoch":499,"seen_avg_score":-279.2,"_runtime":12979.783239052,"_step":499,"unseen_wire_length":7,"_wandb":{"runtime":12979},"unseen_avg_score":-275.4,"_timestamp":1.7349573552679782e+09,"seen_wire_length":4}