{"epoch":499,"unseen_wire_length":4,"_wandb":{"runtime":20412},"seen_wire_length":10,"_step":499,"seen_avg_score":18.866666666666667,"unseen_avg_score":-294.40000000000003,"_timestamp":1.734895491955173e+09,"_runtime":20412.698513397}