{"_timestamp":1.7343124864638546e+09,"_runtime":48764.653402852,"_step":1499,"_wandb":{"runtime":48764},"epoch":1499,"seen_avg_score":14.319999999999999,"unseen_avg_score":-10.239999999999997}