{"_timestamp":1.7349434039457123e+09,"unseen_avg_score":-287,"seen_avg_score":-248.6,"unseen_wire_length":8,"_runtime":13431.4061854,"epoch":299,"_step":299,"_wandb":{"runtime":13474},"seen_wire_length":12}